[
{
    "img": "https://flagpedia.net/data/flags/w702/af.png",
    "name": "Afeganistão"
},
{
    "img": "https://flagpedia.net/data/flags/w702/ax.png",
    "name": "Ilhas Åland"
},
{
    "img": "https://flagpedia.net/data/flags/w702/al.png",
    "name": "Albânia"
},
{
    "img": "https://flagpedia.net/data/flags/w702/dz.png",
    "name": "Argélia"
},
{
    "img": "https://flagpedia.net/data/flags/w702/as.png",
    "name": "Samoa Americana"
},
{
    "img": "https://flagpedia.net/data/flags/w702/ad.png",
    "name": "Andorra"
},
{
    "img": "https://flagpedia.net/data/flags/w702/ao.png",
    "name": "Angola"
},
{
    "img": "https://flagpedia.net/data/flags/w702/ai.png",
    "name": "Anguilla"
},
{
    "img": "https://flagpedia.net/data/flags/w702/aq.png",
    "name": "Antártica"
},
{
    "img": "https://flagpedia.net/data/flags/w702/ag.png",
    "name": "Antígua e Barbuda"
},
{
    "img": "https://flagpedia.net/data/flags/w702/ar.png",
    "name": "Argentina"
},
{
    "img": "https://flagpedia.net/data/flags/w702/am.png",
    "name": "Armênia"
},
{
    "img": "https://flagpedia.net/data/flags/w702/aw.png",
    "name": "Aruba"
},
{
    "img": "https://flagpedia.net/data/flags/w702/au.png",
    "name": "Austrália"
},
{
    "img": "https://flagpedia.net/data/flags/w702/at.png",
    "name": "Áustria"
},
{
    "img": "https://flagpedia.net/data/flags/w702/az.png",
    "name": "Azerbaijão"
},
{
    "img": "https://flagpedia.net/data/flags/w702/bs.png",
    "name": "Bahamas"
},
{
    "img": "https://flagpedia.net/data/flags/w702/bh.png",
    "name": "Bahrein"
},
{
    "img": "https://flagpedia.net/data/flags/w702/bd.png",
    "name": "Bangladesh"
},
{
    "img": "https://flagpedia.net/data/flags/w702/bb.png",
    "name": "Barbados"
},
{
    "img": "https://flagpedia.net/data/flags/w702/by.png",
    "name": "Bielorrússia"
},
{
    "img": "https://flagpedia.net/data/flags/w702/be.png",
    "name": "Bélgica"
},
{
    "img": "https://flagpedia.net/data/flags/w702/bz.png",
    "name": "Belize"
},
{
    "img": "https://flagpedia.net/data/flags/w702/bj.png",
    "name": "Benin"
},
{
    "img": "https://flagpedia.net/data/flags/w702/bm.png",
    "name": "Bermudas"
},
{
    "img": "https://flagpedia.net/data/flags/w702/bt.png",
    "name": "Butão"
},
{
    "img": "https://flagpedia.net/data/flags/w702/bo.png",
    "name": "Bolívia"
},
{
    "img": "https://flagpedia.net/data/flags/w702/ba.png",
    "name": "Bósnia e Herzegovina"
},
{
    "img": "https://flagpedia.net/data/flags/w702/bw.png",
    "name": "Botsuana"
},
{
    "img": "https://flagpedia.net/data/flags/w702/bv.png",
    "name": "Ilha Bouvet"
},
{
    "img": "https://flagpedia.net/data/flags/w702/br.png",
    "name": "Brasil"
},
{
    "img": "https://flagpedia.net/data/flags/w702/io.png",
    "name": "Território Britânico do Oceano Índico"
},
{
    "img": "https://flagpedia.net/data/flags/w702/bn.png",
    "name": "Brunei"
},
{
    "img": "https://flagpedia.net/data/flags/w702/bg.png",
    "name": "Bulgária"
},
{
    "img": "https://flagpedia.net/data/flags/w702/bf.png",
    "name": "Burkina Faso"
},
{
    "img": "https://flagpedia.net/data/flags/w702/bi.png",
    "name": "Burundi"
},
{
    "img": "https://flagpedia.net/data/flags/w702/kh.png",
    "name": "Camboja"
},
{
    "img": "https://flagpedia.net/data/flags/w702/cm.png",
    "name": "Camarões"
},
{
    "img": "https://flagpedia.net/data/flags/w702/ca.png",
    "name": "Canadá"
},
{
    "img": "https://flagpedia.net/data/flags/w702/cv.png",
    "name": "Cabo Verde"
},
  {
    "img": "https://flagpedia.net/data/flags/w702/bq.png",
    "name": "Países Baixos do Caribe"
},
{
    "img": "https://flagpedia.net/data/flags/w702/ky.png",
    "name": "Ilhas Cayman"
},
{
    "img": "https://flagpedia.net/data/flags/w702/cf.png",
    "name": "República Centro-Africana"
},
{
    "img": "https://flagpedia.net/data/flags/w702/td.png",
    "name": "Chade"
},
{
    "img": "https://flagpedia.net/data/flags/w702/cl.png",
    "name": "Chile"
},
{
    "img": "https://flagpedia.net/data/flags/w702/cn.png",
    "name": "China"
},
{
    "img": "https://flagpedia.net/data/flags/w702/cx.png",
    "name": "Ilha Christmas"
},
{
    "img": "https://flagpedia.net/data/flags/w702/cc.png",
    "name": "Ilhas Cocos"
},
{
    "img": "https://flagpedia.net/data/flags/w702/co.png",
    "name": "Colômbia"
},
{
    "img": "https://flagpedia.net/data/flags/w702/km.png",
    "name": "Comores"
},
{
    "img": "https://flagpedia.net/data/flags/w702/cg.png",
    "name": "República do Congo"
},
{
    "img": "https://flagpedia.net/data/flags/w702/cd.png",
    "name": "República Democrática do Congo"
},
{
    "img": "https://flagpedia.net/data/flags/w702/ck.png",
    "name": "Ilhas Cook"
},
{
    "img": "https://flagpedia.net/data/flags/w702/cr.png",
    "name": "Costa Rica"
},
{
    "img": "https://flagpedia.net/data/flags/w702/ci.png",
    "name": "Costa do Marfim"
},
{
    "img": "https://flagpedia.net/data/flags/w702/hr.png",
    "name": "Croácia"
},
{
    "img": "https://flagpedia.net/data/flags/w702/cu.png",
    "name": "Cuba"
},
{
    "img": "https://flagpedia.net/data/flags/w702/cw.png",
    "name": "Curaçao"
},
{
    "img": "https://flagpedia.net/data/flags/w702/cy.png",
    "name": "Chipre"
},
{
    "img": "https://flagpedia.net/data/flags/w702/cz.png",
    "name": "Chéquia"
},
{
    "img": "https://flagpedia.net/data/flags/w702/dk.png",
    "name": "Dinamarca"
},
{
    "img": "https://flagpedia.net/data/flags/w702/dj.png",
    "name": "Djibuti"
},
{
    "img": "https://flagpedia.net/data/flags/w702/dm.png",
    "name": "Dominica"
},
{
    "img": "https://flagpedia.net/data/flags/w702/do.png",
    "name": "República Dominicana"
},
{
    "img": "https://flagpedia.net/data/flags/w702/ec.png",
    "name": "Equador"
},
{
    "img": "https://flagpedia.net/data/flags/w702/eg.png",
    "name": "Egito"
},
{
    "img": "https://flagpedia.net/data/flags/w702/sv.png",
    "name": "El Salvador"
},
{
    "img": "https://flagpedia.net/data/flags/w702/gb-eng.png",
    "name": "Inglaterra"
},
{
    "img": "https://flagpedia.net/data/flags/w702/gq.png",
    "name": "Guiné Equatorial"
},
{
    "img": "https://flagpedia.net/data/flags/w702/er.png",
    "name": "Eritreia"
},
{
    "img": "https://flagpedia.net/data/flags/w702/ee.png",
    "name": "Estônia"
},
{
    "img": "https://flagpedia.net/data/flags/w702/sz.png",
    "name": "Eswatini"
},
{
    "img": "https://flagpedia.net/data/flags/w702/et.png",
    "name": "Etiópia"
},
{
    "img": "https://flagpedia.net/data/flags/w702/fk.png",
    "name": "Ilhas Falkland"
},
{
    "img": "https://flagpedia.net/data/flags/w702/fo.png",
    "name": "Ilhas Faroé"
},
{
    "img": "https://flagpedia.net/data/flags/w702/fj.png",
    "name": "Fiji"
},
{
    "img": "https://flagpedia.net/data/flags/w702/fi.png",
    "name": "Finlândia"
},
{
    "img": "https://flagpedia.net/data/flags/w702/fr.png",
    "name": "França"
},
{
    "img": "https://flagpedia.net/data/flags/w702/gf.png",
    "name": "Guiana Francesa"
},
{
    "img": "https://flagpedia.net/data/flags/w702/pf.png",
    "name": "Polinésia Francesa"
},
{
    "img": "https://flagpedia.net/data/flags/w702/tf.png",
    "name": "Terras Austrais e Antárticas Francesas"
},
{
    "img": "https://flagpedia.net/data/flags/w702/ga.png",
    "name": "Gabão"
},
{
    "img": "https://flagpedia.net/data/flags/w702/gm.png",
    "name": "Gâmbia"
},
{
    "img": "https://flagpedia.net/data/flags/w702/ge.png",
    "name": "Geórgia"
},
{
    "img": "https://flagpedia.net/data/flags/w702/de.png",
    "name": "Alemanha"
},
{
    "img": "https://flagpedia.net/data/flags/w702/gh.png",
    "name": "Gana"
},
{
    "img": "https://flagpedia.net/data/flags/w702/gi.png",
    "name": "Gibraltar"
},
{
    "img": "https://flagpedia.net/data/flags/w702/gr.png",
    "name": "Grécia"
},
{
    "img": "https://flagpedia.net/data/flags/w702/gl.png",
    "name": "Groenlândia"
},
{
    "img": "https://flagpedia.net/data/flags/w702/gd.png",
    "name": "Granada"
},
{
    "img": "https://flagpedia.net/data/flags/w702/gp.png",
    "name": "Guadalupe"
},
{
    "img": "https://flagpedia.net/data/flags/w702/gu.png",
    "name": "Guam"
},
{
    "img": "https://flagpedia.net/data/flags/w702/gt.png",
    "name": "Guatemala"
},
{
    "img": "https://flagpedia.net/data/flags/w702/gg.png",
    "name": "Guernsey"
},
{
    "img": "https://flagpedia.net/data/flags/w702/gn.png",
    "name": "Guiné"
},
{
    "img": "https://flagpedia.net/data/flags/w702/gw.png",
    "name": "Guiné-Bissau"
},
{
    "img": "https://flagpedia.net/data/flags/w702/gy.png",
    "name": "Guiana"
},
{
    "img": "https://flagpedia.net/data/flags/w702/ht.png",
    "name": "Haiti"
},
{
    "img": "https://flagpedia.net/data/flags/w702/hm.png",
    "name": "Ilha Heard e Ilhas McDonald"
},
{
    "img": "https://flagpedia.net/data/flags/w702/hn.png",
    "name": "Honduras"
},
{
    "img": "https://flagpedia.net/data/flags/w702/hk.png",
    "name": "Hong Kong"
},
{
    "img": "https://flagpedia.net/data/flags/w702/hu.png",
    "name": "Hungria"
},
{
    "img": "https://flagpedia.net/data/flags/w702/is.png",
    "name": "Islândia"
},
{
    "img": "https://flagpedia.net/data/flags/w702/in.png",
    "name": "Índia"
},
{
    "img": "https://flagpedia.net/data/flags/w702/id.png",
    "name": "Indonésia"
},
{
    "img": "https://flagpedia.net/data/flags/w702/ir.png",
    "name": "Irã"
},
{
    "img": "https://flagpedia.net/data/flags/w702/iq.png",
    "name": "Iraque"
},
{
    "img": "https://flagpedia.net/data/flags/w702/ie.png",
    "name": "Irlanda"
},
{
    "img": "https://flagpedia.net/data/flags/w702/im.png",
    "name": "Ilha de Man"
},
{
    "img": "https://flagpedia.net/data/flags/w702/il.png",
    "name": "Israel"
},
{
    "img": "https://flagpedia.net/data/flags/w702/it.png",
    "name": "Itália"
},
{
    "img": "https://flagpedia.net/data/flags/w702/jm.png",
    "name": "Jamaica"
},
{
    "img": "https://flagpedia.net/data/flags/w702/jp.png",
    "name": "Japão"
},
{
    "img": "https://flagpedia.net/data/flags/w702/je.png",
    "name": "Jersey"
},
{
    "img": "https://flagpedia.net/data/flags/w702/jo.png",
    "name": "Jordânia"
},
{
    "img": "https://flagpedia.net/data/flags/w702/kz.png",
    "name": "Cazaquistão"
},
{
    "img": "https://flagpedia.net/data/flags/w702/ke.png",
    "name": "Quênia"
},
{
    "img": "https://flagpedia.net/data/flags/w702/ki.png",
    "name": "Kiribati"
},
{
    "img": "https://flagpedia.net/data/flags/w702/kp.png",
    "name": "Coreia do Norte"
},
{
    "img": "https://flagpedia.net/data/flags/w702/kr.png",
    "name": "Coreia do Sul"
},
{
    "img": "https://flagpedia.net/data/flags/w702/xk.png",
    "name": "Kosovo"
},
{
    "img": "https://flagpedia.net/data/flags/w702/kw.png",
    "name": "Kuwait"
},
{
    "img": "https://flagpedia.net/data/flags/w702/kg.png",
    "name": "Quirguistão"
},
{
    "img": "https://flagpedia.net/data/flags/w702/la.png",
    "name": "Laos"
},
{
    "img": "https://flagpedia.net/data/flags/w702/lv.png",
    "name": "Letônia"
},
{
    "img": "https://flagpedia.net/data/flags/w702/lb.png",
    "name": "Líbano"
},
{
    "img": "https://flagpedia.net/data/flags/w702/ls.png",
    "name": "Lesoto"
},
{
    "img": "https://flagpedia.net/data/flags/w702/lr.png",
    "name": "Libéria"
},
{
    "img": "https://flagpedia.net/data/flags/w702/ly.png",
    "name": "Líbia"
},
{
    "img": "https://flagpedia.net/data/flags/w702/li.png",
    "name": "Liechtenstein"
},
{
    "img": "https://flagpedia.net/data/flags/w702/lt.png",
    "name": "Lituânia"
},
{
    "img": "https://flagpedia.net/data/flags/w702/lu.png",
    "name": "Luxemburgo"
},
{
    "img": "https://flagpedia.net/data/flags/w702/mo.png",
    "name": "Macau"
},
{
    "img": "https://flagpedia.net/data/flags/w702/mg.png",
    "name": "Madagáscar"
},
{
    "img": "https://flagpedia.net/data/flags/w702/mw.png",
    "name": "Malawi"
},
{
    "img": "https://flagpedia.net/data/flags/w702/my.png",
    "name": "Malásia"
},
{
    "img": "https://flagpedia.net/data/flags/w702/mv.png",
    "name": "Maldivas"
},
{
    "img": "https://flagpedia.net/data/flags/w702/ml.png",
    "name": "Mali"
},
{
    "img": "https://flagpedia.net/data/flags/w702/mt.png",
    "name": "Malta"
},
{
    "img": "https://flagpedia.net/data/flags/w702/mh.png",
    "name": "Ilhas Marshall"
},
{
    "img": "https://flagpedia.net/data/flags/w702/mq.png",
    "name": "Martinica"
},
{
    "img": "https://flagpedia.net/data/flags/w702/mr.png",
    "name": "Mauritânia"
},
{
    "img": "https://flagpedia.net/data/flags/w702/mu.png",
    "name": "Maurícia"
},
{
    "img": "https://flagpedia.net/data/flags/w702/yt.png",
    "name": "Mayotte"
},
{
    "img": "https://flagpedia.net/data/flags/w702/mx.png",
    "name": "México"
},
{
    "img": "https://flagpedia.net/data/flags/w702/fm.png",
    "name": "Micronésia"
},
{
    "img": "https://flagpedia.net/data/flags/w702/md.png",
    "name": "Moldávia"
},
{
    "img": "https://flagpedia.net/data/flags/w702/mc.png",
    "name": "Mônaco"
},
{
    "img": "https://flagpedia.net/data/flags/w702/mn.png",
    "name": "Mongólia"
},
{
    "img": "https://flagpedia.net/data/flags/w702/me.png",
    "name": "Montenegro"
},
{
    "img": "https://flagpedia.net/data/flags/w702/ms.png",
    "name": "Montserrat"
},
{
    "img": "https://flagpedia.net/data/flags/w702/ma.png",
    "name": "Marrocos"
},
{
    "img": "https://flagpedia.net/data/flags/w702/mz.png",
    "name": "Moçambique"
},
{
    "img": "https://flagpedia.net/data/flags/w702/mm.png",
    "name": "Mianmar"
},
{
    "img": "https://flagpedia.net/data/flags/w702/na.png",
    "name": "Namíbia"
},
{
    "img": "https://flagpedia.net/data/flags/w702/nr.png",
    "name": "Nauru"
},
{
    "img": "https://flagpedia.net/data/flags/w702/np.png",
    "name": "Nepal"
},
{
    "img": "https://flagpedia.net/data/flags/w702/nl.png",
    "name": "Países Baixos"
},
{
    "img": "https://flagpedia.net/data/flags/w702/nc.png",
    "name": "Nova Caledônia"
},
{
    "img": "https://flagpedia.net/data/flags/w702/nz.png",
    "name": "Nova Zelândia"
},
{
    "img": "https://flagpedia.net/data/flags/w702/ni.png",
    "name": "Nicarágua"
},
    {
        "img": "https://flagpedia.net/data/flags/w702/ng.png",
        "name": "Nigéria"
    },
    {
        "img": "https://flagpedia.net/data/flags/w702/nu.png",
        "name": "Niue"
    },
    {
        "img": "https://flagpedia.net/data/flags/w702/nf.png",
        "name": "Ilha Norfolk"
    },
    {
        "img": "https://flagpedia.net/data/flags/w702/mk.png",
        "name": "Macedônia do Norte"
    },
    {
        "img": "https://flagpedia.net/data/flags/w702/gb-nir.png",
        "name": "Irlanda do Norte"
    },
    {
        "img": "https://flagpedia.net/data/flags/w702/mp.png",
        "name": "Ilhas Marianas do Norte"
    },
    {
        "img": "https://flagpedia.net/data/flags/w702/no.png",
        "name": "Noruega"
    },
    {
        "img": "https://flagpedia.net/data/flags/w702/om.png",
        "name": "Omã"
    },
    {
        "img": "https://flagpedia.net/data/flags/w702/pk.png",
        "name": "Paquistão"
    },
    {
        "img": "https://flagpedia.net/data/flags/w702/pw.png",
        "name": "Palau"
    },
    {
        "img": "https://flagpedia.net/data/flags/w702/ps.png",
        "name": "Palestina"
    },
    {
        "img": "https://flagpedia.net/data/flags/w702/pa.png",
        "name": "Panamá"
    },
    {
        "img": "https://flagpedia.net/data/flags/w702/pg.png",
        "name": "Papua Nova Guiné"
    },
    {
        "img": "https://flagpedia.net/data/flags/w702/py.png",
        "name": "Paraguai"
    },
    {
        "img": "https://flagpedia.net/data/flags/w702/pe.png",
        "name": "Peru"
    },
    {
        "img": "https://flagpedia.net/data/flags/w702/ph.png",
        "name": "Filipinas"
    },
    {
        "img": "https://flagpedia.net/data/flags/w702/pn.png",
        "name": "Ilhas Pitcairn"
    },
    {
        "img": "https://flagpedia.net/data/flags/w702/pl.png",
        "name": "Polônia"
    },
    {
        "img": "https://flagpedia.net/data/flags/w702/pt.png",
        "name": "Portugal"
    },
    {
        "img": "https://flagpedia.net/data/flags/w702/pr.png",
        "name": "Porto Rico"
    },
    {
        "img": "https://flagpedia.net/data/flags/w702/qa.png",
        "name": "Catar"
    },
    {
        "img": "https://flagpedia.net/data/flags/w702/re.png",
        "name": "Reunião"
    },
    {
        "img": "https://flagpedia.net/data/flags/w702/ro.png",
        "name": "Romênia"
    },
    {
        "img": "https://flagpedia.net/data/flags/w702/ru.png",
        "name": "Rússia"
    },
    {
        "img": "https://flagpedia.net/data/flags/w702/rw.png",
        "name": "Ruanda"
    },
    {
        "img": "https://flagpedia.net/data/flags/w702/bl.png",
        "name": "São Bartolomeu"
    },
    {
        "img": "https://flagpedia.net/data/flags/w702/sh.png",
        "name": "Santa Helena, Ascensão e Tristão da Cunha"
    },
    {
        "img": "https://flagpedia.net/data/flags/w702/kn.png",
        "name": "São Cristóvão e Nevis"
    },
    {
        "img": "https://flagpedia.net/data/flags/w702/lc.png",
        "name": "Santa Lúcia"
    },
    {
        "img": "https://flagpedia.net/data/flags/w702/mf.png",
        "name": "São Martinho"
    },
    {
        "img": "https://flagpedia.net/data/flags/w702/pm.png",
        "name": "São Pedro e Miquelão"
    },
    {
        "img": "https://flagpedia.net/data/flags/w702/vc.png",
        "name": "São Vicente e Granadinas"
    },
    {
        "img": "https://flagpedia.net/data/flags/w702/ws.png",
        "name": "Samoa"
    },
    {
        "img": "https://flagpedia.net/data/flags/w702/sm.png",
        "name": "San Marino"
    },
    {
        "img": "https://flagpedia.net/data/flags/w702/st.png",
        "name": "São Tomé e Príncipe"
    },
    {
        "img": "https://flagpedia.net/data/flags/w702/sa.png",
        "name": "Arábia Saudita"
    },
    {
        "img": "https://flagpedia.net/data/flags/w702/gb-sct.png",
        "name": "Escócia"
    },
    {
        "img": "https://flagpedia.net/data/flags/w702/sn.png",
        "name": "Senegal"
    },
    {
        "img": "https://flagpedia.net/data/flags/w702/rs.png",
        "name": "Sérvia"
    },
    {
        "img": "https://flagpedia.net/data/flags/w702/sc.png",
        "name": "Seicheles"
    },
    {
        "img": "https://flagpedia.net/data/flags/w702/sl.png",
        "name": "Serra Leoa"
    },
    {
        "img": "https://flagpedia.net/data/flags/w702/sg.png",
        "name": "Singapura"
    },
    {
        "img": "https://flagpedia.net/data/flags/w702/sx.png",
        "name": "Sint Maarten"
    },
    {
        "img": "https://flagpedia.net/data/flags/w702/sk.png",
        "name": "Eslováquia"
    },
    {
        "img": "https://flagpedia.net/data/flags/w702/si.png",
        "name": "Eslovênia"
    },
    {
        "img": "https://flagpedia.net/data/flags/w702/sb.png",
        "name": "Ilhas Salomão"
    },
    {
        "img": "https://flagpedia.net/data/flags/w702/so.png",
        "name": "Somália"
    },
    {
        "img": "https://flagpedia.net/data/flags/w702/za.png",
        "name": "África do Sul"
    },
    {
        "img": "https://flagpedia.net/data/flags/w702/gs.png",
        "name": "Geórgia do Sul"
    },
    {
        "img": "https://flagpedia.net/data/flags/w702/ss.png",
        "name": "Sudão do Sul"
    },
    {
        "img": "https://flagpedia.net/data/flags/w702/es.png",
        "name": "Espanha"
    },
    {
        "img": "https://flagpedia.net/data/flags/w702/lk.png",
        "name": "Sri Lanka"
    },
    {
        "img": "https://flagpedia.net/data/flags/w702/sd.png",
        "name": "Sudão"
    },
    {
        "img": "https://flagpedia.net/data/flags/w702/sr.png",
        "name": "Suriname"
    },
    {
        "img": "https://flagpedia.net/data/flags/w702/sj.png",
        "name": "Svalbard e Jan Mayen"
    },
    {
        "img": "https://flagpedia.net/data/flags/w702/se.png",
        "name": "Suécia"
    },
    {
        "img": "https://flagpedia.net/data/flags/w702/ch.png",
        "name": "Suíça"
    },
    {
        "img": "https://flagpedia.net/data/flags/w702/sy.png",
        "name": "Síria"
    },
    {
        "img": "https://flagpedia.net/data/flags/w702/tw.png",
        "name": "Taiwan"
    },
    {
        "img": "https://flagpedia.net/data/flags/w702/tj.png",
        "name": "Tajiquistão"
    },
    {
        "img": "https://flagpedia.net/data/flags/w702/tz.png",
        "name": "Tanzânia"
    },
{
        "img": "https://flagpedia.net/data/flags/w702/th.png",
        "name": "Tailândia"
    },
    {
        "img": "https://flagpedia.net/data/flags/w702/tl.png",
        "name": "Timor-Leste"
    },
    {
        "img": "https://flagpedia.net/data/flags/w702/tg.png",
        "name": "Togo"
    },
    {
        "img": "https://flagpedia.net/data/flags/w702/tk.png",
        "name": "Tokelau"
    },
    {
        "img": "https://flagpedia.net/data/flags/w702/to.png",
        "name": "Tonga"
    },
    {
        "img": "https://flagpedia.net/data/flags/w702/tt.png",
        "name": "Trindade e Tobago"
    },
    {
        "img": "https://flagpedia.net/data/flags/w702/tn.png",
        "name": "Tunísia"
    },
    {
        "img": "https://flagpedia.net/data/flags/w702/tr.png",
        "name": "Turquia"
    },
    {
        "img": "https://flagpedia.net/data/flags/w702/tm.png",
        "name": "Turcomenistão"
    },
    {
        "img": "https://flagpedia.net/data/flags/w702/tc.png",
        "name": "Ilhas Turks and Caicos"
    },
    {
        "img": "https://flagpedia.net/data/flags/w702/tv.png",
        "name": "Tuvalu"
    },
    {
        "img": "https://flagpedia.net/data/flags/w702/ug.png",
        "name": "Uganda"
    },
    {
        "img": "https://flagpedia.net/data/flags/w702/ua.png",
        "name": "Ucrânia"
    },
    {
        "img": "https://flagpedia.net/data/flags/w702/ae.png",
        "name": "Emirados Árabes Unidos"
    },
    {
        "img": "https://flagpedia.net/data/flags/w702/gb.png",
        "name": "Reino Unido"
    },
    {
        "img": "https://flagpedia.net/data/flags/w702/us.png",
        "name": "Estados Unidos"
    },
    {
        "img": "https://flagpedia.net/data/flags/w702/uy.png",
        "name": "Uruguai"
    },
    {
        "img": "https://flagpedia.net/data/flags/w702/uz.png",
        "name": "Uzbequistão"
    },
    {
        "img": "https://flagpedia.net/data/flags/w702/vu.png",
        "name": "Vanuatu"
    },
    {
        "img": "https://flagpedia.net/data/flags/w702/va.png",
        "name": "Cidade do Vaticano"
    },
    {
        "img": "https://flagpedia.net/data/flags/w702/ve.png",
        "name": "Venezuela"
    },
    {
        "img": "https://flagpedia.net/data/flags/w702/vn.png",
        "name": "Vietnã"
    },
    {
        "img": "https://flagpedia.net/data/flags/w702/vg.png",
        "name": "Ilhas Virgens Britânicas"
    },
    {
        "img": "https://flagpedia.net/data/flags/w702/vi.png",
        "name": "Ilhas Virgens Americanas"
    },
    {
        "img": "https://flagpedia.net/data/flags/w702/gb-wls.png",
        "name": "País de Gales"
    },
    {
        "img": "https://flagpedia.net/data/flags/w702/wf.png",
        "name": "Wallis and Futuna"
    },
    {
        "img": "https://flagpedia.net/data/flags/w702/eh.png",
        "name": "Saara Ocidental"
    },
    {
        "img": "https://flagpedia.net/data/flags/w702/ye.png",
        "name": "Iémen"
    },
    {
        "img": "https://flagpedia.net/data/flags/w702/zm.png",
        "name": "Zâmbia"
    },
    {
        "img": "https://flagpedia.net/data/flags/w702/zw.png",
        "name": "Zimbábue"
    }
]
